Timestamp;Longitude;Latitude;Height
219865000;14.19092574;40.828878612;76374.7
219866000;14.19092566;40.828878713;76378.8
219867000;14.190925592;40.828878846;76402.3
219868000;14.190925533;40.828878884;76468.7
219869000;14.190925527;40.828878942;76492.1
219870000;14.190925595;40.82887901;76458.7
219871000;14.190925692;40.828879055;76434.6
219872000;14.190925764;40.828879079;76408.4
219873000;14.190925807;40.82887912;76384.0
219874000;14.190925819;40.828879142;76379.1
219875000;14.190925865;40.82887918;76366.1
219876000;14.190922568;40.828881142;71929.9
219877000;14.19092293;40.828882093;76450.9
219878000;14.190922769;40.828881562;77921.0
219879000;14.190922847;40.828881219;78777.0
219880000;14.19092303;40.828880682;79508.1
219881000;14.190923312;40.828880129;80083.8
219882000;14.19092356;40.828879749;80547.5
219883000;14.190923751;40.828879405;80932.3
219884000;14.190923974;40.828879092;81269.9
219885000;14.190924188;40.828878779;81565.9
219886000;14.190924353;40.828878506;81805.3
219887000;14.190924473;40.828878246;82001.0
219888000;14.190924533;40.828878001;82168.5
219889000;14.190924561;40.828877815;82303.1
219890000;14.190924521;40.828877706;82417.5
219891000;14.19092443;40.828877621;82510.5
219892000;14.190924277;40.828877573;82587.6
219893000;14.190924105;40.828877504;82652.6
219894000;14.190923948;40.828877394;82708.4
219895000;14.190923772;40.828877182;82756.7
219896000;14.19092357;40.828876915;82797.8
219897000;14.190923331;40.828876624;82833.7
219898000;14.190923098;40.828876361;82872.9
219899000;14.190922894;40.828876111;82908.9
219900000;14.190922745;40.828875836;82936.4
219901000;14.190922627;40.828875567;82958.4
219902000;14.190922513;40.828875319;82969.3
219903000;14.190922414;40.828875114;82977.0
219904000;14.190922362;40.828874925;82994.5
219905000;14.19092231;40.828874746;83011.4
219906000;14.190922276;40.828874559;83037.7
219907000;14.190922209;40.828874682;83141.9
219908000;14.190922154;40.828874972;83282.0
219909000;14.190922096;40.828875354;83434.7
219910000;14.190922096;40.828875875;83586.3
219911000;14.190922105;40.828876477;83735.1
219912000;14.190922138;40.828877083;83872.1
219913000;14.190921197;40.828875089;85210.6
219914000;14.190921227;40.828875099;85226.1
219915000;14.190921231;40.828875155;85233.5
219916000;14.190921244;40.828875194;85234.4
219917000;14.190921251;40.828875179;85231.1
219918000;14.190921268;40.82887516;85227.4
219919000;14.190921306;40.828875134;85227.4
219920000;14.190921319;40.828875141;85220.4
219921000;14.190921338;40.828875157;85215.7
219922000;14.190921336;40.828875144;85213.8
219923000;14.190921343;40.828875137;85210.1
219924000;14.190921345;40.828875119;85217.0
219925000;14.190921366;40.828875103;85215.9
219926000;14.190921376;40.828875102;85216.8
219927000;14.190921376;40.828875097;85215.2
219928000;14.190921402;40.828875076;85212.5
219929000;14.190921394;40.828875055;85225.1
219930000;14.190921409;40.828875058;85228.1
219931000;14.190921408;40.828875067;85226.8
219932000;14.19092142;40.828875092;85229.3
219933000;14.19092141;40.828875099;85224.3
219934000;14.190921417;40.828875101;85224.3
219935000;14.190921436;40.828875089;85219.6
219936000;14.190921428;40.828875096;85222.6
219937000;14.190921183;40.828875117;85249.6
219938000;14.190921138;40.828875154;85256.2
219939000;14.190921148;40.828875158;85255.5
219940000;14.190921177;40.828875152;85258.4
219941000;14.190921189;40.828875123;85250.0
219942000;14.190921245;40.828875118;85242.3
219943000;14.19092127;40.828875142;85241.4
219944000;14.190921302;40.828875141;85244.2
219945000;14.190921311;40.828875154;85243.7
219946000;14.190921339;40.828875142;85240.8
219947000;14.190921357;40.828875133;85241.7
219948000;14.190921367;40.828875139;85236.8
219949000;14.190921362;40.828875145;85250.4
219950000;14.190921382;40.828875151;85249.9
219951000;14.190921387;40.82887514;85249.0
219952000;14.190921424;40.828875129;85243.2
219953000;14.190921444;40.828875114;85245.2
219954000;14.190921415;40.82887509;85246.8
219955000;14.190921449;40.82887507;85244.6
219956000;14.190921453;40.828875059;85243.3
219957000;14.190921463;40.828875045;85237.2
219958000;14.190921474;40.828875058;85237.9
219959000;14.190921458;40.828875047;85242.7
219960000;14.190921462;40.828875044;85248.0
219961000;14.190921469;40.828875045;85250.8
219962000;14.190921484;40.828875044;85253.1
219963000;14.190921455;40.828875024;85251.0
219964000;14.190921433;40.828875026;85253.6
219965000;14.19092141;40.828875015;85262.7
219966000;14.190921444;40.828875003;85270.6
219967000;14.190921227;40.82887512;85282.1
219968000;14.190921194;40.828875159;85283.7
219969000;14.190921196;40.828875178;85278.8
219970000;14.190921195;40.828875153;85274.9
219971000;14.19092123;40.828875137;85274.3
219972000;14.190921264;40.828875137;85269.4
219973000;14.190921259;40.828875147;85265.9
219974000;14.19092127;40.828875214;85265.3
219975000;14.190921278;40.828875221;85258.2
219976000;14.190921313;40.828875223;85257.8
219977000;14.190921319;40.828875209;85260.1
219978000;14.190921331;40.828875211;85259.4
219979000;14.19092134;40.82887518;85249.6
219979597;14.190921329;40.828875151;85249.7
219980000;14.191127639;40.828565823;85249.7
219981000;14.190915365;40.828902518;77691.5
219982000;14.190938763;40.828876119;77701.2
219983000;14.190939304;40.828873929;76657.8
219984000;14.190936369;40.828876806;77185.9
219985000;14.190934339;40.828877226;77192.5
219986000;14.190932076;40.82887741;76414.3
219987000;14.190931155;40.828877586;75780.5
219988000;14.190930601;40.828877581;75326.2
219989000;14.190930419;40.828877515;74968.0
219990000;14.190930445;40.828877397;74648.6
219991000;14.190930617;40.82887729;74401.1
219992000;14.190931021;40.828876755;74140.7
219993000;14.190931403;40.828876316;73912.7
219994000;14.190931689;40.828875966;73724.7
219995000;14.190931909;40.828875638;73563.3
219996000;14.19091251;40.82888021;73376.8
219997000;14.19091906;40.828877284;77178.2
219998000;14.1909191;40.828876365;78574.2
219999000;14.190919062;40.828875594;79423.8
220000000;14.190919248;40.828874725;80118.2
220001000;14.190919464;40.828874011;80590.7
220002000;14.19091966;40.828873498;80926.4
220003000;14.190919787;40.828873079;81187.9
220004000;14.190919902;40.828872676;81395.4
220005000;14.190919978;40.828872322;81572.3
220006000;14.190920064;40.828872015;81731.3
220007000;14.190920148;40.828871749;81876.9
220008000;14.190920234;40.828871486;82004.5
220009000;14.19092027;40.828871309;82105.7
220010000;14.190920267;40.828871334;82198.0
220011000;14.190920289;40.828871393;82292.0
220012000;14.190920328;40.828871394;82382.1
220013000;14.190920361;40.828871333;82472.4
220014000;14.190920424;40.828871249;82548.8
220015000;14.190920506;40.828871131;82621.9
220016000;14.190920589;40.828870991;82696.3
220017000;14.190920647;40.828870837;82757.1
220018000;14.190920734;40.828870649;82809.2
220019000;14.190920805;40.828870464;82856.0
220020000;14.19092086;40.828870322;82895.0
220021000;14.190920907;40.828870201;82929.9
220022000;14.190920927;40.828870074;82958.5
220023000;14.190920973;40.828870011;82983.3
220024000;14.19092099;40.82886991;83005.1
220025000;14.190920964;40.828869788;83025.1
220026000;14.19092095;40.8288697;83043.1
220027000;14.190920936;40.828869719;83140.2
220028000;14.190920989;40.82886978;83283.4
220029000;14.190921087;40.828869821;83439.1
220030000;14.190921174;40.828869858;83598.0
220031000;14.19092126;40.828869903;83735.9
220032000;14.190921362;40.828869945;83852.7
220033000;14.190921469;40.828869904;83949.4
220034000;14.190921579;40.828869829;84023.8
220035000;14.190921668;40.828869738;84071.5
220036000;14.19092172;40.828869649;84097.4
220037000;14.190921745;40.828869558;84099.9
220038000;14.190921765;40.828869503;84090.4
220039000;14.1909218;40.828869465;84075.3
220040000;14.190921809;40.828869553;84063.9
220041000;14.190921811;40.82886973;84040.4
220042000;14.19092184;40.828869963;84005.5
220043000;14.19092187;40.828870235;83965.0
220044000;14.190921881;40.828870485;83922.8
220045000;14.190921933;40.828870775;83907.5
220046000;14.190921956;40.828870957;83888.5
220047000;14.190921933;40.828871129;83851.9
220048000;14.190921917;40.828871292;83814.6
220049000;14.190921863;40.828871392;83770.0
220050000;14.190921795;40.828871399;83724.2
220051000;14.19092178;40.828871303;83689.9
220052000;14.190921731;40.828871146;83663.2
220053000;14.190921695;40.828870956;83649.9
220054000;14.190921693;40.828870732;83649.5
220055000;14.190921704;40.828870507;83652.0
220056000;14.190921613;40.828870362;83651.8
220057000;14.19092155;40.828870407;83711.0
220058000;14.190921559;40.828870503;83798.5
220059000;14.190921621;40.828870578;83890.2
220060000;14.190921647;40.828870732;83987.8
220061000;14.190921685;40.828870858;84080.7
220062000;14.190921767;40.828870989;84172.8
220063000;14.19092188;40.828871127;84262.1
220064000;14.190921973;40.828871233;84348.3
220065000;14.190922048;40.828871296;84400.2
220066000;14.190922088;40.828871416;84432.6
220067000;14.190922125;40.828871569;84456.5
220068000;14.190922157;40.828871718;84479.3
220069000;14.190922225;40.828871846;84503.1
220070000;14.190922294;40.828871994;84520.1
220071000;14.19092234;40.828872116;84540.0
220072000;14.190922376;40.828872223;84553.7
220073000;14.1909224;40.828872343;84566.8
220074000;14.19092242;40.828872441;84576.0
220075000;14.190922437;40.828872525;84572.0
220076000;14.190922495;40.828872616;84571.3
220077000;14.190922501;40.828872706;84571.5
220078000;14.19092251;40.828872787;84566.7
220079000;14.190922549;40.828872843;84558.0
220080000;14.190922551;40.828872848;84547.5
220081000;14.190922547;40.828872844;84536.9
220082000;14.190922535;40.828872896;84524.1
220083000;14.190922531;40.828872959;84505.5
220084000;14.19092253;40.828872983;84491.3
220085000;14.190922525;40.828873015;84479.6
220086000;14.190922556;40.828873048;84473.8
220087000;14.190921571;40.828874839;85199.5
220088000;14.190921612;40.828874815;85227.3
220089000;14.190921601;40.828874783;85232.1
220090000;14.190921608;40.828874787;85238.7
220091000;14.190921611;40.828874821;85235.6
220092000;14.190921616;40.828874845;85237.3
220093000;14.190921649;40.828874812;85231.3
220094000;14.190921691;40.828874774;85228.9
220095000;14.190921642;40.828874828;85245.5
220096000;14.190921654;40.828874868;85245.5
220097000;14.190921665;40.828874898;85246.1
220098000;14.190921655;40.828874899;85243.0
220099000;14.190921662;40.828874899;85237.3
220100000;14.190921688;40.828874907;85240.5
220101000;14.190921677;40.828874928;85236.2
220102000;14.190921719;40.828874927;85231.9
220103000;14.190921714;40.828874914;85227.0
220104000;14.190921691;40.828874914;85227.3
220105000;14.190921648;40.828874947;85237.9
220106000;14.190921622;40.828874952;85243.1
220107000;14.190921646;40.828874963;85243.6
220108000;14.190921659;40.828874981;85242.2
220109000;14.190921675;40.82887494;85240.3
220110000;14.190921676;40.828874935;85237.8
220111000;14.190921699;40.828874923;85233.4
220112000;14.190921712;40.828874905;85228.7
220113000;14.190921726;40.828874903;85223.1
220114000;14.190921723;40.828874888;85221.7
220115000;14.190921736;40.828874883;85226.3
220116000;14.190921745;40.828874906;85228.3
220117000;14.190921588;40.828874988;85251.3
220118000;14.190921571;40.828874967;85255.1
220119000;14.190921604;40.828874919;85249.3
220120000;14.190921632;40.82887492;85243.0
220121000;14.190921657;40.828874963;85242.6
220122000;14.190921683;40.828874968;85239.9
220123000;14.19092171;40.828874972;85242.6
220124000;14.190921745;40.828874985;85246.0
220125000;14.190921774;40.828874963;85245.6
220126000;14.190921813;40.828874968;85249.0
220127000;14.190921847;40.828875;85245.8
220128000;14.190921862;40.828875012;85247.1
220129000;14.190921837;40.828875026;85250.3
220130000;14.190921839;40.828875032;85253.3
220131000;14.190921854;40.828875007;85255.8
220132000;14.190921875;40.828875017;85259.8
220133000;14.190921874;40.828875033;85265.2
220134000;14.190921827;40.828875048;85268.8
220135000;14.190921838;40.828875033;85267.5
220136000;14.190921863;40.828875005;85269.6
220137000;14.190921876;40.828875003;85275.4
220138000;14.190921865;40.828875018;85280.2
220139000;14.190921874;40.828875061;85283.0
220140000;14.190921834;40.828875042;85279.4
220141000;14.190921829;40.828875033;85273.8
220142000;14.190921833;40.828875018;85275.9
220143000;14.190921857;40.828875024;85276.1
220144000;14.190921866;40.82887503;85271.0
220145000;14.190921891;40.828875033;85273.8
220146000;14.190921676;40.828875047;85256.2
220147000;14.190921599;40.828875068;85264.8
220148000;14.190921565;40.828875081;85272.6
220149000;14.190921592;40.828875123;85274.6
220150000;14.190921617;40.828875149;85271.0
220151000;14.190921624;40.828875118;85277.3
220152000;14.190921639;40.828875076;85278.4
220153000;14.190921657;40.828875058;85281.2
220154000;14.19092169;40.828875054;85277.1
220154837;14.190921731;40.828875048;85278.4
220155117;14.190921731;40.828875048;85278.4
220155500;14.190922404;40.828913101;83995.4
220156000;14.190929002;40.828887147;83206.8
220157000;14.190932308;40.828872746;80382.4
220158000;14.190932902;40.828870247;79706.2
220159000;14.190933163;40.828869272;79566.5
220160000;14.190934018;40.828867165;80109.2
220161000;14.190936188;40.828867056;79919.1
220162000;14.190936497;40.828868194;79390.8
220163000;14.190936505;40.828869193;78965.4
220164000;14.190936337;40.828868903;78969.0
220165000;14.190936208;40.828868651;78966.7
220166000;14.190936145;40.828868306;78985.5
220167000;14.19093607;40.828867994;78989.0
220168000;14.190935951;40.828867797;78988.1
220169000;14.190935906;40.828867545;78963.6
220170000;14.190935904;40.828867282;78945.4
220171000;14.190935849;40.828867088;78943.0
220172000;14.190935814;40.828866872;78925.1
220173000;14.190935768;40.82886667;78909.1
220174000;14.190935707;40.828866498;78879.1
220175000;14.190935613;40.828866371;78842.3
220176000;14.190916385;40.82888054;77264.8
220177000;14.190925524;40.828877879;80504.4
220178000;14.1909259;40.82887854;81523.2
220179000;14.190925893;40.828879049;82115.2
220180000;14.19092582;40.828879433;82516.3
220181000;14.190925736;40.828879756;82842.9
220182000;14.190925552;40.828879907;83079.3
220183000;14.190925357;40.828880016;83266.3
220184000;14.190925154;40.828880097;83419.3
220185000;14.190924938;40.828880191;83534.9
220186000;14.190924715;40.82888027;83624.7
220187000;14.190924497;40.82888033;83690.0
220188000;14.190924306;40.828880379;83746.0
220189000;14.190924123;40.828880424;83791.7
220190000;14.190923959;40.828880508;83831.3
220191000;14.19092382;40.828880596;83866.3
220192000;14.190923697;40.828880668;83890.1
220193000;14.190923604;40.828880693;83905.8
220194000;14.190923524;40.828880635;83915.8
220195000;14.190923481;40.828880525;83937.8
220196000;14.190923474;40.828880356;83958.0
220197000;14.190923461;40.828880128;83981.7
220198000;14.190923464;40.828879932;84010.2
220199000;14.190923478;40.828879752;84028.2
220200000;14.190923502;40.828879548;84041.5
220201000;14.190923534;40.828879306;84042.3
220202000;14.190923544;40.82887904;84033.3
220203000;14.190923558;40.828878762;84023.9
220204000;14.190923563;40.828878429;84018.2
220205000;14.190923569;40.82887809;84003.2
220206000;14.190923519;40.828877795;83975.4
220207000;14.190923456;40.828877791;84053.3
220208000;14.190923434;40.828877995;84178.6
220209000;14.190923418;40.828878256;84316.3
220210000;14.190923389;40.828878527;84454.4
220211000;14.190923403;40.828878746;84578.4
220212000;14.190923441;40.828878898;84673.7
220213000;14.190923496;40.828879011;84748.4
220214000;14.190923549;40.828879088;84798.9
220215000;14.190923597;40.828879207;84836.4
220216000;14.190923639;40.828879294;84866.8
220217000;14.190923696;40.828879335;84875.3
220218000;14.190923732;40.828879317;84866.2
220219000;14.190923741;40.828879267;84857.4
220220000;14.190923728;40.828879182;84850.9
220221000;14.19092372;40.82887907;84838.9
220222000;14.190923724;40.828878964;84813.6
220223000;14.190923735;40.828878812;84774.1
220224000;14.190923707;40.828878628;84736.1
220225000;14.190923685;40.828878385;84689.9
220226000;14.190923688;40.828878097;84639.7
220227000;14.190923691;40.828877826;84583.1
220228000;14.190923645;40.828877541;84523.5
220229000;14.190923596;40.828877279;84461.6
220230000;14.190923571;40.828877011;84401.8
220231000;14.190923547;40.828876782;84352.9
220232000;14.190923522;40.828876511;84306.1
220233000;14.190923462;40.828876212;84256.4
220234000;14.190923397;40.828875956;84210.0
220235000;14.190923368;40.828875686;84161.1
220236000;14.190923302;40.828875455;84110.9
220237000;14.190923176;40.82887557;84140.5
220238000;14.190923069;40.828875764;84219.2
220239000;14.190923011;40.828876037;84306.2
220240000;14.190923003;40.828876316;84389.9
220241000;14.19092297;40.828876582;84456.1
220242000;14.190922938;40.82887682;84516.0
220243000;14.190922948;40.828877023;84565.7
220244000;14.19092295;40.828877221;84612.7
220245000;14.190922965;40.828877382;84668.5
220246000;14.190922978;40.828877494;84727.8
220247000;14.190922977;40.82887757;84776.6
220248000;14.190922972;40.828877627;84813.6
220249000;14.190922994;40.828877662;84837.8
220250000;14.190923025;40.828877696;84870.6
220251000;14.19092305;40.828877706;84895.8
220252000;14.190923051;40.828877664;84914.5
220253000;14.190923026;40.828877575;84931.2
220254000;14.190922977;40.828877429;84933.8
220255000;14.190922905;40.828877298;84941.9
220256000;14.190922852;40.828877172;84952.8
220257000;14.190922838;40.82887708;84966.0
220258000;14.190922801;40.828876962;84968.6
220259000;14.19092278;40.828876811;84965.4
220260000;14.190922758;40.828876663;84955.4
220261000;14.190922767;40.828876478;84946.0
220262000;14.190922744;40.828876287;84932.6
220263000;14.19092274;40.828876129;84921.9
220264000;14.190922755;40.828875996;84909.0
220265000;14.190922753;40.828875867;84889.0
220266000;14.190922756;40.828875755;84867.8
220267000;14.19092273;40.828875811;84902.9
220268000;14.190922705;40.828875835;84958.2
220269000;14.190922698;40.828875801;85017.5
220270000;14.190922715;40.82887568;85080.3
220271000;14.190922715;40.828875477;85142.0
220272000;14.190922686;40.828875235;85192.1
220273000;14.190922629;40.828875015;85236.4
220274000;14.190922578;40.82887481;85270.2
220275000;14.190922524;40.828874729;85282.1
220276000;14.190922492;40.8288747;85288.1
220277000;14.190922476;40.828874684;85291.3
220278000;14.190922453;40.828874662;85294.3
220279000;14.190922505;40.828874608;85276.8
220280000;14.19092251;40.82887458;85270.9
220281000;14.190922506;40.828874572;85263.2
220282000;14.190922501;40.828874599;85257.4
220283000;14.190922517;40.828874608;85248.5
220284000;14.190922582;40.828874564;85248.2
220285000;14.190922595;40.828874508;85246.4
220286000;14.190922592;40.828874477;85234.3
220287000;14.1909226;40.828874432;85217.3
220288000;14.190922593;40.828874375;85200.1
220289000;14.190922615;40.82887434;85182.9
220290000;14.190922609;40.828874327;85171.2
220291000;14.190922611;40.828874287;85150.9
220292000;14.190922563;40.828874276;85131.8
220293000;14.190922534;40.828874224;85113.8
220294000;14.190922484;40.828874175;85095.9
220295000;14.190922476;40.828874144;85079.3
220296000;14.190922452;40.82887412;85065.5
220297000;14.19092245;40.828874105;85047.6
220298000;14.19092228;40.828874376;85056.8
220299000;14.190922161;40.828874694;85080.0
220300000;14.190922095;40.828874921;85118.7
220301000;14.190922053;40.828875111;85160.9
220302000;14.19092203;40.828875219;85200.9
220303000;14.190922019;40.828875285;85233.9
220304000;14.190922001;40.828875337;85259.3
220305000;14.190921989;40.82887529;85275.5
220306000;14.190921976;40.828875277;85287.3
220307000;14.190921948;40.828875298;85296.8
220308000;14.190921944;40.828875332;85310.5
220309000;14.19092193;40.828875337;85324.7
220310000;14.190921927;40.828875338;85331.7
220311000;14.190921906;40.82887537;85329.1
220312000;14.190921862;40.828875408;85325.0
220313000;14.190921837;40.828875457;85320.0
220314000;14.19092173;40.82887553;85321.8
220315000;14.19092169;40.82887556;85320.4
220316000;14.190921671;40.828875489;85318.8
220317000;14.190921646;40.828875403;85320.3
220318000;14.190921606;40.828875342;85317.4
220319000;14.190921544;40.828875362;85322.9
220320000;14.190921471;40.82887539;85323.1
220321000;14.190921455;40.828875402;85327.4
220322000;14.190921426;40.828875387;85335.9
220323000;14.190921396;40.828875342;85337.7
220324000;14.190921355;40.828875314;85334.7
220325000;14.190921314;40.828875301;85328.4
220326000;14.19092107;40.828875371;85326.0
220327000;14.190920961;40.828875441;85340.3
220328000;14.190920934;40.8288755;85354.3
220329000;14.190920922;40.828875536;85369.0
220330000;14.190920878;40.828875587;85387.2
220331000;14.190920853;40.828875635;85407.9
220332000;14.190920825;40.828875682;85427.5
220333000;14.190920809;40.828875762;85447.4
220334000;14.1909208;40.828875855;85469.3
220335000;14.19092082;40.828875915;85483.3
220336000;14.190920833;40.828875975;85490.1
220337000;14.190920832;40.828876058;85492.2
220338000;14.19092084;40.828876151;85494.8
220339000;14.190920883;40.828876252;85507.3
220340000;14.190920925;40.828876348;85512.0
220341000;14.190920971;40.828876401;85511.2
220342000;14.190921;40.82887643;85511.5
220343000;14.190921017;40.828876416;85505.5
220344000;14.190921024;40.828876413;85506.6
220345000;14.190921052;40.828876419;85507.8
220346000;14.190921101;40.828876403;85508.9
220347000;14.190921141;40.828876391;85505.9
220348000;14.190921158;40.828876376;85506.4
220349000;14.19092118;40.828876368;85505.1
220350000;14.190921189;40.828876328;85501.2
220351000;14.190921205;40.82887626;85498.3
220352000;14.190921205;40.828876198;85496.7
220353000;14.190921216;40.82887615;85495.5
220354000;14.190921236;40.828876122;85484.1
220355000;14.190921267;40.828876101;85468.9
220356000;14.190921297;40.828876071;85454.1
220357000;14.190921182;40.828876041;85464.8
220358000;14.19092114;40.828876065;85458.7
220359000;14.190921135;40.82887614;85448.2
220360000;14.190921156;40.828876176;85448.0
220361000;14.190921191;40.828876184;85455.0
220362000;14.190921229;40.828876191;85455.9
220363000;14.190921246;40.828876205;85450.8
220364000;14.190921278;40.828876228;85441.3
220365000;14.190921305;40.828876257;85435.4
220366000;14.190921331;40.828876272;85431.6
220367000;14.190921352;40.828876281;85428.2
220368000;14.190921376;40.828876244;85424.3
220369000;14.190921392;40.828876204;85420.1
220370000;14.190921446;40.828876163;85407.5
220371000;14.190921487;40.828876139;85396.0
220372000;14.190921503;40.82887613;85383.6
220373000;14.19092152;40.828876103;85373.6
220374000;14.190921538;40.82887607;85363.0
220375000;14.190921578;40.828876045;85352.6
220376000;14.190921588;40.828876016;85337.4
220377000;14.190921603;40.828875979;85326.5
220378000;14.190921622;40.828875922;85315.5
220379000;14.190921647;40.828875885;85307.6
220380000;14.190921652;40.828875842;85294.7
220381000;14.190921697;40.828875827;85279.6
220382000;14.190921707;40.828875817;85259.2
220383000;14.190921728;40.82887577;85242.8
220384000;14.190921727;40.828875711;85229.6
220385000;14.19092173;40.828875639;85216.5
220386000;14.190921662;40.828875671;85188.2
220387000;14.190921639;40.828875696;85191.4
220388000;14.190921669;40.828875734;85201.9
220389000;14.190921697;40.828875776;85213.5
220390000;14.190921756;40.828875804;85222.7
220391000;14.190921796;40.828875838;85238.9
220392000;14.190921836;40.828875888;85253.4
220393000;14.190921882;40.828875918;85262.6
220394000;14.19092193;40.828875907;85271.1
220395000;14.190921991;40.828875931;85274.6
220396000;14.190922032;40.82887595;85269.8
220397000;14.190922065;40.828875956;85268.7
220398000;14.190922084;40.828875985;85266.9
220399000;14.190922105;40.828876016;85263.9
220400000;14.190922161;40.828876003;85262.9
220401000;14.190922195;40.828875974;85263.3
220402000;14.190922253;40.828875953;85261.7
220403000;14.190922296;40.828875947;85259.6
220404000;14.190922359;40.82887595;85257.1
220405000;14.190922411;40.828875976;85249.5
220406000;14.190922464;40.828876006;85244.6
220407000;14.190922538;40.828876017;85239.9
220408000;14.190922592;40.828876014;85231.9
220409000;14.190922628;40.828876016;85224.1
220410000;14.190922664;40.828875994;85219.1
220411000;14.190922726;40.828875964;85208.9
220412000;14.190922758;40.828875951;85204.5
220413000;14.190922785;40.828875942;85198.7
220414000;14.190922799;40.828875926;85194.4
220415000;14.19092281;40.828875942;85182.6
220416000;14.19092281;40.828875963;85175.8
220417000;14.190922808;40.82887602;85206.5
220418000;14.190922847;40.828876056;85233.6
220419000;14.190922899;40.828876073;85252.5
220420000;14.190922944;40.828876123;85261.4
220421000;14.190923;40.828876162;85272.0
220422000;14.190923053;40.828876214;85283.7
220423000;14.190923105;40.828876266;85299.5
220424000;14.19092315;40.8288763;85314.8
220425000;14.1909232;40.828876265;85325.8
220426000;14.190923242;40.828876251;85332.8
220427000;14.190923294;40.828876276;85336.1
220428000;14.190923324;40.828876297;85340.4
220429000;14.190923341;40.828876345;85353.1
220430000;14.190923397;40.828876372;85364.7
220431000;14.190923455;40.828876381;85372.8
220432000;14.190923498;40.828876394;85378.5
220433000;14.190923511;40.828876401;85379.9
220434000;14.190923539;40.828876401;85386.7
220435000;14.190923572;40.828876383;85400.5
220436000;14.190923615;40.828876344;85410.3
220437000;14.190923646;40.828876327;85412.7
220438000;14.190923664;40.828876327;85416.8
220439000;14.190923668;40.828876316;85425.4
220440000;14.190923674;40.828876275;85432.8
220441000;14.190923681;40.828876225;85442.5
220442000;14.190923677;40.828876202;85452.2
220443000;14.190923681;40.828876175;85449.7
220444000;14.190923682;40.828876175;85443.8
220445000;14.190923695;40.828876164;85437.8
220446000;14.190923533;40.828876174;85426.8
220446688;14.190923484;40.828876183;85423.1
220447000;14.190923484;40.828876183;85423.1
220447500;14.191014064;40.828839571;93510.2
220448000;14.19097452;40.828864688;89263.0
220449000;14.190964727;40.828859368;85486.1
220450000;14.190975798;40.828847215;86912.6
220451000;14.190958697;40.828857614;84720.8
220452000;14.190950766;40.828862397;83342.4
220453000;14.190946942;40.828864218;82112.1
220454000;14.19094437;40.828865543;81102.1
220455000;14.190942611;40.828866568;80316.1
220456000;14.190941224;40.828867245;79680.0
220457000;14.19094004;40.828867805;79148.8
220458000;14.190939091;40.828868287;78697.7
220459000;14.190938187;40.828868737;78330.1
220460000;14.190937278;40.828869182;77981.0
220461000;14.190936456;40.828869468;77657.3
220462000;14.190935757;40.828869788;77377.9
220463000;14.190935032;40.828870152;77125.5
220464000;14.190934283;40.828870562;76925.8
220465000;14.190933614;40.828870913;76748.1
220466000;14.190932944;40.828871269;76584.7
220467000;14.190932428;40.828871396;76461.8
220468000;14.190931808;40.828871699;76326.4
220469000;14.190931517;40.82887181;76265.8
220470000;14.190930979;40.828872008;76159.8
220471000;14.19093078;40.828871966;76116.0
220472000;14.190930294;40.82887215;76021.1
220473000;14.190930101;40.828872174;75994.3
220474000;14.190929748;40.828872333;75928.6
220475000;14.190929675;40.828872312;75913.5
220476000;14.190929381;40.828872443;75861.1
220477000;14.19092576;40.828879208;75166.4
220478000;14.190922257;40.828880272;78849.4
220479000;14.190921611;40.828880437;80509.2
220480000;14.190921078;40.828879893;81743.1
220481000;14.190920813;40.828879469;82439.2
220482000;14.190920717;40.828879108;82947.6
220483000;14.19092075;40.828878681;83292.6
220484000;14.190920885;40.828878147;83580.4
220485000;14.19092098;40.828877706;83816.1
220486000;14.190921044;40.828877349;84015.8
220487000;14.190921099;40.828877056;84176.9
220488000;14.190921177;40.82887677;84302.6
220489000;14.1909213;40.828876484;84390.5
220490000;14.190921429;40.828876178;84458.8
220491000;14.190921512;40.828875892;84510.0
220492000;14.190921569;40.828875648;84548.7
220493000;14.190921628;40.828875422;84571.5
220494000;14.190921678;40.828875192;84584.9
220495000;14.190921719;40.828874957;84586.6
220496000;14.19092176;40.828874749;84583.9
220497000;14.190921819;40.82887451;84584.1
220498000;14.190921835;40.828874213;84575.4
220499000;14.190921838;40.828873874;84563.0
220500000;14.190921845;40.828873493;84556.4
220501000;14.190921849;40.828873132;84551.6
220502000;14.190921841;40.82887279;84541.8
220503000;14.190921824;40.828872456;84534.5
220504000;14.190921832;40.828872081;84518.8
220505000;14.190921804;40.828871725;84502.0
220506000;14.190921744;40.82887134;84468.4
220507000;14.190921628;40.828871184;84506.3
220508000;14.190921499;40.828871174;84563.3
220509000;14.190921385;40.828871264;84625.8
220510000;14.190921276;40.828871375;84686.9
220511000;14.190921204;40.828871456;84747.6
220512000;14.190921155;40.828871539;84799.5
220513000;14.190921097;40.828871574;84836.3
220514000;14.190921039;40.828871599;84859.0
220515000;14.190920981;40.828871659;84880.1
220516000;14.190920938;40.828871701;84898.6
220517000;14.190920891;40.828871777;84913.0
220518000;14.19092085;40.828871889;84918.3
220519000;14.190921364;40.828874622;85405.0
220520000;14.190921411;40.828874621;85422.5
220521000;14.190921429;40.828874616;85425.3
220522000;14.190921433;40.828874592;85423.7
220523000;14.190921486;40.828874531;85419.3
220524000;14.19092148;40.828874531;85420.5
220525000;14.1909215;40.828874548;85420.2
220526000;14.190921483;40.828874589;85421.6
220527000;14.190921477;40.828874588;85419.1
220528000;14.190921485;40.828874572;85421.4
220529000;14.190921475;40.828874543;85428.2
220530000;14.190921479;40.828874536;85424.7
220531000;14.190921471;40.828874552;85427.1
220532000;14.190921483;40.828874557;85427.9
220533000;14.190921487;40.828874543;85431.8
220534000;14.190921469;40.828874513;85430.0
220535000;14.190921471;40.828874495;85420.0
220536000;14.190921494;40.828874489;85423.1
220537000;14.190921307;40.828874581;85395.4
220538000;14.190921299;40.828874617;85387.2
220539000;14.190921308;40.828874601;85379.2
220540000;14.19092132;40.828874542;85375.5
220541000;14.190921332;40.828874517;85377.1
220542000;14.190921333;40.828874529;85380.0
220543000;14.190921329;40.828874567;85383.4
220544000;14.190921377;40.828874581;85386.9
220545000;14.190921402;40.82887457;85387.4
220546000;14.190921431;40.828874567;85379.5
220547000;14.190921476;40.828874566;85375.5
220548000;14.190921473;40.828874561;85380.2
220549000;14.190921481;40.828874568;85378.1
220550000;14.190921507;40.828874562;85377.9
220551000;14.190921539;40.82887457;85382.3
220552000;14.190921543;40.828874562;85386.1
220553000;14.190921574;40.828874551;85388.6
220554000;14.190921593;40.828874525;85387.1
220555000;14.190921618;40.828874513;85382.8
220556000;14.190921626;40.828874491;85379.6
220557000;14.190921642;40.828874501;85383.2
220558000;14.190921644;40.828874505;85383.9
220559000;14.190921624;40.82887455;85390.2
220560000;14.190921643;40.828874557;85392.0
220561000;14.190921655;40.828874539;85395.6
220562000;14.190921668;40.828874521;85393.3
220563000;14.190921674;40.828874535;85394.5
220564000;14.190921675;40.828874552;85396.9
220565000;14.190921671;40.828874568;85398.8
220566000;14.190921483;40.828874587;85382.3
220567000;14.190921426;40.828874544;85369.8
220568000;14.190921427;40.828874535;85364.1
220569000;14.190921418;40.828874556;85367.2
220570000;14.190921421;40.82887458;85371.5
220571000;14.190921455;40.828874572;85374.8
220572000;14.190921487;40.828874573;85366.6
220573000;14.190921494;40.828874551;85367.1
220574000;14.19092149;40.828874508;85359.8
220575000;14.190921488;40.828874532;85360.6
220576000;14.190921518;40.828874564;85364.6
220577000;14.190921513;40.828874587;85366.7
220578000;14.190921539;40.828874593;85363.1
220579000;14.190921549;40.828874561;85356.2
220580000;14.190921555;40.828874556;85357.5
220581000;14.190921579;40.828874576;85362.7
220582000;14.190921603;40.828874584;85367.5
220583000;14.190921566;40.828874589;85367.9
220584000;14.190921592;40.828874569;85365.9
220585000;14.190921613;40.828874553;85361.8
220586000;14.190921599;40.828874545;85356.1
220587000;14.190921608;40.828874553;85356.4
220588000;14.190921604;40.828874564;85360.3
220589000;14.190921615;40.828874564;85365.1
220589755;14.19092167;40.828874584;85368.5
220590500;14.190936965;40.828867981;77887.1
220591000;14.190936537;40.828865521;78613.7
220592000;14.190922923;40.828872968;76075.3
220593000;14.190921273;40.828876102;75405.2
220594000;14.190919294;40.828877718;75945.7
220595000;14.190919361;40.828876891;76842.5
220596000;14.190905428;40.828891063;85072.7
220597000;14.190909781;40.828881437;86528.9
220598000;14.190910376;40.828880466;87042.9
220599000;14.190910378;40.82887979;87275.7
220600000;14.190910605;40.828878153;87252.5
220601000;14.19091089;40.828877125;87177.2
220602000;14.190911099;40.82887638;87076.6
220603000;14.190911341;40.828875732;86977.7
220604000;14.190921315;40.828874157;85391.8
220605000;14.190921281;40.828874187;85357.6
220606000;14.190921266;40.828874224;85343.4
220607000;14.190921285;40.828874244;85342.4
220608000;14.190921284;40.828874244;85348.4
220609000;14.190921263;40.828874221;85345.8
220610000;14.190921266;40.828874228;85340.3
220611000;14.190921261;40.82887424;85332.7
220612000;14.190921239;40.828874245;85325.3
220613000;14.190921222;40.828874253;85320.1
220614000;14.190921232;40.828874292;85328.7
220615000;14.190921295;40.828874288;85342.9
220616000;14.190921287;40.828874347;85359.2
220617000;14.190921279;40.828874386;85370.0
220618000;14.190921281;40.828874411;85371.9
220619000;14.190921265;40.828874419;85367.1
220620000;14.1909213;40.828874413;85371.2
220621000;14.190921317;40.828874409;85379.5
220622000;14.190921315;40.828874427;85385.7
220623000;14.190921315;40.828874463;85395.2
220624000;14.190921323;40.828874468;85400.7
220625000;14.190921336;40.828874443;85404.8
220626000;14.190921198;40.82887444;85381.1
220627000;14.190921083;40.828874393;85346.1
220628000;14.190921066;40.828874408;85353.6
220629000;14.190921067;40.828874426;85359.2
220630000;14.190921114;40.828874426;85364.9
220631000;14.190921161;40.828874446;85371.5
220632000;14.190921167;40.828874472;85378.6
220633000;14.190921181;40.828874484;85389.1
220634000;14.190921181;40.828874485;85392.9
220635000;14.190921214;40.828874463;85385.0
220636000;14.190921251;40.828874445;85385.8
220637000;14.190921269;40.828874464;85387.1
220638000;14.190921277;40.828874471;85391.3
220639000;14.19092129;40.828874461;85396.0
220640000;14.190921282;40.82887443;85396.0
220641000;14.1909213;40.828874426;85393.2
220642000;14.190921321;40.828874447;85393.9
220643000;14.190921338;40.828874474;85394.2
220644000;14.190921341;40.828874473;85395.8
220645000;14.190921348;40.828874442;85401.3
220646000;14.190921369;40.828874406;85396.6
220647000;14.190921403;40.828874363;85385.8
220648000;14.190921417;40.828874349;85379.0
220649000;14.190921427;40.828874353;85374.7
220650000;14.190921415;40.828874401;85373.8
220651000;14.190921416;40.82887443;85372.5
220652000;14.190921438;40.828874403;85374.5
220653000;14.190921445;40.828874367;85379.6
220654000;14.190921435;40.82887434;85375.6
220655000;14.190921444;40.828874335;85371.6
220656000;14.190921477;40.828874372;85368.5
220657000;14.190921495;40.828874405;85369.3
220658000;14.19092128;40.828874436;85315.4
220659000;14.190921243;40.828874418;85302.9
220660000;14.190921254;40.828874389;85303.5
220661000;14.190921267;40.82887436;85296.8
220662000;14.190921284;40.828874352;85298.0
220663000;14.190921294;40.828874338;85297.0
220664000;14.190921335;40.828874333;85298.1
220665000;14.190921319;40.828874346;85303.6
220666000;14.190921357;40.828874339;85310.5
220667000;14.190921389;40.828874326;85315.5
220667869;14.190921355;40.828874276;85316.4
220668117;14.190921355;40.828874276;85316.4
220668500;14.190954563;40.828841437;85164.7
220669000;14.190910521;40.828885125;89281.8
220670000;14.190913609;40.828879413;83752.0
220671000;14.190918494;40.828882906;80872.1
220672000;14.190920663;40.828885048;79627.8
220673000;14.190923066;40.828883399;80128.9
220674000;14.190925628;40.828882867;79622.3
220675000;14.190927577;40.828882503;79055.2
220676000;14.190928799;40.828882202;78594.9
220677000;14.190929221;40.828881509;78444.9
220678000;14.190929436;40.828880911;78316.2
220679000;14.190929599;40.828880355;78219.8
220680000;14.19092968;40.828879809;78119.8
220681000;14.190929669;40.828879317;78023.9
220682000;14.190929592;40.828878879;77939.4
220683000;14.19092951;40.828878451;77834.2
220684000;14.190929398;40.828878123;77749.1
220685000;14.190929226;40.828877788;77652.8
220686000;14.190913782;40.828883266;77787.9
220687000;14.190921079;40.828877721;80231.4
220688000;14.190921277;40.828876541;81337.0
220689000;14.190921259;40.828875854;81977.3
220690000;14.190921119;40.828875131;82473.0
220691000;14.190920953;40.828874583;82789.0
220692000;14.190921275;40.828874149;85235.3
220693000;14.190921348;40.828874165;85284.5
220694000;14.190921339;40.82887417;85298.9
220695000;14.190921326;40.828874176;85307.0
220696000;14.19092129;40.8288742;85316.0
220697000;14.190921285;40.828874183;85321.0
220698000;14.190921285;40.828874159;85332.6
220699000;14.19092126;40.828874154;85333.9
220700000;14.190921233;40.828874174;85334.8
220701000;14.19092122;40.828874183;85341.2
220702000;14.190921207;40.828874179;85347.2
220703000;14.190921181;40.828874179;85351.5
220704000;14.190921189;40.828874118;85360.4
220705000;14.190921201;40.828874109;85364.3
220706000;14.190921197;40.828874138;85369.9
220707000;14.190921183;40.828874172;85379.8
220708000;14.190921194;40.828874197;85385.7
220709000;14.190921202;40.828874186;85391.0
220710000;14.190921208;40.828874162;85392.5
220711000;14.190921208;40.828874167;85389.8
220712000;14.190921228;40.828874212;85391.7
220713000;14.19092124;40.828874251;85390.7
220714000;14.19092125;40.828874262;85395.5
220715000;14.190921251;40.828874234;85397.7
220716000;14.190921108;40.828874289;85387.9
220717000;14.190921068;40.828874297;85349.7
220718000;14.190921071;40.828874331;85346.2
220719000;14.190921081;40.828874347;85347.3
220720000;14.190921104;40.828874344;85343.0
220721000;14.190921117;40.828874314;85340.4
220722000;14.190921123;40.828874293;85337.9
220723000;14.190921113;40.828874273;85338.0
220724000;14.190921123;40.828874256;85340.1
220725000;14.190921149;40.828874261;85339.8
220726000;14.190921155;40.82887425;85339.0
220727000;14.190921164;40.828874238;85338.7
220728000;14.190921159;40.82887422;85335.1
220729000;14.19092118;40.828874208;85336.1
220730000;14.190921229;40.828874192;85327.0
220731000;14.190921252;40.828874213;85331.3
220732000;14.190921242;40.828874218;85335.8
220733000;14.190921247;40.828874194;85332.3
220734000;14.190921281;40.828874185;85337.9
220735000;14.1909213;40.828874198;85340.5
220736000;14.190921284;40.828874232;85345.9
220737000;14.190921291;40.828874249;85350.0
220738000;14.190921305;40.82887425;85351.1
220739000;14.190921285;40.828874268;85355.7
220740000;14.190921275;40.828874276;85356.1
220741000;14.190921304;40.828874267;85360.9
220742000;14.190921304;40.828874282;85370.5
220743000;14.190921296;40.828874305;85374.7
220744000;14.190921318;40.828874304;85383.1
220745000;14.190921298;40.828874277;85386.5
220746000;14.190921224;40.828874247;85357.7
220747000;14.190921211;40.828874237;85330.5
220748000;14.190921226;40.828874255;85324.0
220749000;14.190921258;40.828874276;85325.2
220750000;14.190921252;40.82887426;85327.3
220751000;14.190921255;40.828874248;85322.6
220752000;14.190921267;40.828874268;85324.4
220753000;14.190921248;40.82887426;85327.8
220754000;14.190921273;40.82887426;85321.2
220755000;14.190921287;40.828874269;85318.3
220755523;14.19092124;40.82887429;85314.5
220756000;14.190924882;40.828886421;77770.9
220757000;14.190911482;40.828861133;81210.4
220758000;14.19091743;40.828877565;77208.5
220759000;14.190922287;40.828884067;76437.9
220760000;14.190922999;40.828886202;77406.1
220761000;14.19092371;40.82888683;78038.8
220762000;14.190923222;40.828888574;77635.8
220763000;14.190922841;40.828889569;77213.6
220764000;14.190922729;40.828890094;76829.4
220765000;14.190922806;40.8288903;76484.7
220766000;14.190922763;40.828890351;76195.6
220767000;14.190922658;40.828890362;75928.4
220768000;14.190922673;40.828890248;75704.1
220769000;14.190922722;40.828890016;75495.9
220770000;14.190922757;40.828889738;75317.1
220771000;14.190922923;40.828889327;75161.7
220772000;14.190923123;40.828888948;75015.4
220773000;14.190923283;40.828888542;74884.7
220774000;14.190923442;40.828888129;74773.5
220775000;14.190923547;40.828887694;74664.0
220776000;14.190923607;40.828887315;74552.1
220777000;14.190916643;40.828888251;73681.8
220778000;14.190919217;40.828883682;77644.7
220779000;14.190919984;40.828882032;79241.6
220780000;14.190920376;40.828879917;80340.5
220781000;14.190920611;40.828878604;80968.5
220782000;14.190921002;40.828874379;85122.2
220783000;14.190921055;40.828874401;85187.5
220784000;14.19092107;40.828874392;85214.6
220785000;14.190921055;40.828874393;85222.3
220786000;14.190921047;40.828874399;85226.2
220787000;14.190921055;40.828874409;85230.9
220788000;14.190921065;40.828874423;85236.4
220789000;14.190921058;40.828874429;85237.7
220790000;14.19092107;40.828874428;85249.1
220791000;14.190921065;40.828874411;85256.0
220792000;14.190921047;40.828874404;85261.7
220793000;14.190921043;40.828874407;85266.7
220794000;14.190921044;40.828874404;85272.1
220795000;14.19092111;40.82887441;85269.8
220796000;14.190921136;40.828874427;85270.0
220797000;14.190921107;40.828874402;85270.8
220798000;14.190921152;40.828874391;85272.1
220799000;14.190921213;40.828874389;85269.2
220800000;14.190921229;40.828874382;85270.1
220801000;14.190921237;40.828874371;85266.5
220802000;14.19092124;40.828874361;85264.3
220803000;14.190921212;40.828874361;85264.0
220804000;14.190921231;40.828874365;85261.6
220805000;14.190921258;40.828874358;85263.0
220806000;14.190921228;40.828874383;85252.1
220807000;14.190921195;40.828874389;85242.0
220808000;14.190921192;40.828874398;85245.1
220809000;14.190921226;40.828874393;85239.9
220810000;14.190921245;40.828874386;85233.6
220811000;14.190921248;40.828874373;85231.3
220812000;14.190921248;40.828874337;85232.4
220813000;14.190921274;40.828874323;85228.7
220814000;14.190921269;40.828874358;85230.9
220815000;14.190921264;40.828874369;85234.7
220816000;14.190921272;40.828874364;85231.2
220817000;14.190921267;40.828874359;85226.8
220818000;14.190921256;40.828874361;85221.9
220819000;14.190921283;40.828874349;85209.8
220820000;14.190921297;40.828874331;85208.3
220821000;14.190921312;40.828874335;85206.7
220822000;14.190921343;40.828874346;85205.6
220823000;14.190921341;40.82887432;85202.5
220824000;14.190921382;40.828874291;85201.6
220825000;14.190921388;40.828874252;85204.0
220826000;14.190921392;40.828874283;85201.4
220827000;14.190921415;40.828874317;85200.8
220828000;14.19092143;40.828874316;85204.3
220829000;14.190921432;40.828874309;85209.5
220830000;14.190921435;40.828874292;85210.1
220831000;14.190921442;40.828874265;85209.6
220832000;14.190921424;40.828874279;85211.4
220833000;14.190921436;40.828874294;85211.2
220834000;14.190921456;40.8288743;85215.4
220835000;14.190921457;40.828874266;85223.1
220836000;14.190921474;40.828874217;85228.5
220837000;14.190921285;40.828874313;85224.1
220838000;14.190921249;40.828874362;85215.9
220839000;14.190921256;40.828874401;85215.7
220840000;14.190921258;40.828874398;85214.3
220841000;14.190921277;40.828874372;85214.8
220842000;14.190921259;40.828874346;85214.8
220843000;14.190921292;40.828874319;85217.6
220844000;14.190921311;40.828874341;85209.5
220845000;14.190921328;40.82887434;85209.8
220845499;14.190921357;40.828874353;85214.8
220846000;14.190935126;40.828851329;86202.2
220847000;14.190952034;40.828834431;88967.0
220848000;14.190946841;40.828845343;86026.3
220849000;14.190943572;40.828852428;85065.6
220850000;14.190941782;40.828858292;84370.2
220851000;14.190940975;40.828861953;83952.2
220852000;14.190935789;40.828867114;82149.4
220853000;14.190932846;40.828870338;80813.9
220854000;14.190931407;40.828871665;80219.4
220855000;14.190930379;40.828872527;79761.0
220856000;14.190929673;40.828873044;79411.6
220857000;14.190928767;40.828873227;79053.2
220858000;14.190928138;40.828873342;78753.5
220859000;14.190927302;40.828873577;78437.4
220860000;14.190926677;40.828873683;78163.6
220861000;14.190926293;40.828873668;77962.9
220862000;14.19092625;40.828873469;77837.4
220863000;14.190926447;40.828873184;77770.3
220864000;14.190926756;40.828872832;77733.6
220865000;14.19092701;40.828872561;77694.2
220866000;14.19092737;40.828872192;77663.7
220867000;14.190921515;40.828878039;77898.8
220868000;14.190923529;40.828877117;80197.3
220869000;14.190923926;40.828877298;81234.5
220870000;14.190924047;40.828877307;81877.1
220871000;14.190924028;40.828877113;82240.1
220872000;14.190924005;40.828876931;82494.7
220873000;14.190923956;40.828876738;82682.3
220874000;14.190923899;40.828876559;82812.8
220875000;14.190923848;40.828876397;82906.3
220876000;14.19092383;40.828876246;82974.5
220877000;14.190923824;40.828876137;83017.2
220878000;14.19092382;40.828876038;83030.1
220879000;14.190923835;40.828875982;83039.0
220880000;14.190923824;40.828875964;83047.3
220881000;14.190923804;40.828875866;83047.6
220882000;14.190923814;40.828875687;83043.7
220883000;14.190923803;40.828875477;83030.9
220884000;14.19092378;40.82887526;83013.1
220885000;14.190923727;40.82887503;82989.7
220886000;14.19092368;40.828874767;82961.9
220887000;14.190923626;40.828874505;82934.0
220888000;14.190923551;40.828874223;82908.6
220889000;14.190923462;40.828873979;82888.4
220890000;14.190923344;40.82887361;82850.9
220891000;14.190923223;40.828873208;82811.1
220892000;14.190923074;40.828872849;82772.6
220893000;14.190922902;40.828872579;82727.2
220894000;14.190922752;40.828872382;82686.8
220895000;14.190922615;40.828872206;82655.4
220896000;14.190922437;40.8288721;82624.6
220897000;14.190922283;40.828872495;82698.7
220898000;14.190922191;40.828873089;82820.0
220899000;14.190922125;40.8288737;82952.2
220900000;14.190922072;40.828874296;83086.8
220901000;14.190922047;40.828874856;83223.6
220902000;14.190922048;40.828875363;83354.4
220903000;14.190922079;40.828875853;83488.0
220904000;14.19092209;40.828876281;83621.6
220905000;14.190922114;40.828876634;83746.4
220906000;14.190922131;40.828876886;83860.4
220907000;14.190922139;40.828877104;83951.4
220908000;14.190922105;40.828877278;84028.6
220909000;14.190922085;40.828877428;84103.2
220910000;14.190922056;40.828877658;84168.7
220911000;14.19092203;40.828877926;84229.3
220912000;14.190922;40.828878137;84277.0
220913000;14.190921972;40.828878299;84317.8
220914000;14.190921926;40.828878418;84345.9
220915000;14.19092189;40.828878517;84365.0
220916000;14.190921822;40.828878572;84387.7
220917000;14.19092177;40.828878629;84405.1
220918000;14.190921705;40.828878689;84419.5
220919000;14.190921613;40.828878739;84426.8
220920000;14.190921509;40.828878717;84427.2
220921000;14.190921384;40.828878663;84424.9
220922000;14.190921259;40.828878599;84414.0
220923000;14.190921145;40.828878563;84404.1
220924000;14.190921014;40.828878536;84392.7
220925000;14.190920905;40.828878506;84378.7
220926000;14.190920729;40.82887845;84362.4
220927000;14.190920545;40.828878563;84384.0
220928000;14.190920395;40.828878783;84422.8
220929000;14.190920293;40.828879026;84467.5
220930000;14.190920206;40.828879321;84523.4
220931000;14.190920126;40.828879544;84584.4
220932000;14.190920017;40.828879673;84626.9
220932999;14.190919905;40.828879747;84657.3
220934000;14.190919796;40.828879807;84684.1
220935000;14.1909197;40.8288799;84712.3
220936000;14.190919633;40.828879968;84742.6
220937000;14.190919574;40.828880033;84765.5
220938000;14.190919519;40.828880059;84776.4
220939000;14.190919441;40.82888006;84770.2
220940000;14.190919381;40.828880045;84763.2
220941000;14.190919312;40.828879989;84755.2
220942000;14.190919244;40.828879858;84741.5
220943000;14.190919154;40.828879716;84725.0
220944000;14.190919057;40.828879528;84700.9
220945000;14.190918953;40.828879311;84683.6
220946000;14.190918832;40.828879072;84656.4
220947000;14.190918711;40.828878849;84624.9
220948000;14.190918598;40.828878657;84595.0
220949000;14.190918489;40.828878453;84565.9
220950000;14.19091837;40.828878223;84538.2
220951000;14.190918245;40.828877964;84514.8
220952000;14.190918126;40.828877705;84493.9
220953000;14.190918035;40.82887751;84472.9
220954000;14.190917953;40.828877353;84453.9
220955000;14.19091785;40.828877216;84429.3
220956000;14.190917744;40.828877072;84400.8
220957000;14.190917649;40.828877004;84420.5
220958000;14.190917577;40.828877007;84436.6
220959000;14.190917549;40.828877018;84464.4
220960000;14.190917557;40.828877011;84495.7
220961000;14.190917594;40.828877011;84524.2
220962000;14.190917612;40.828877014;84552.1
220963000;14.190917606;40.828877028;84574.3
220964000;14.190917605;40.828877014;84591.9
220965000;14.190917622;40.828876986;84590.4
220966000;14.190917652;40.828876934;84590.3
220967000;14.190917677;40.828876893;84589.5
220968000;14.190917684;40.82887683;84584.0
220969000;14.190917704;40.828876772;84578.7
220970000;14.190917728;40.828876734;84569.8
220971000;14.190917746;40.828876694;84555.6
220972000;14.190917769;40.828876654;84544.9
220973000;14.190917802;40.828876609;84530.5
220974000;14.190917834;40.828876586;84519.7
220975000;14.190917879;40.828876573;84510.8
220976000;14.190917912;40.828876564;84507.4
220977000;14.190917948;40.828876541;84503.8
220978000;14.190917969;40.828876504;84496.2
220979000;14.190917962;40.828876484;84485.4
220980000;14.190917965;40.828876462;84480.1
220981000;14.190917991;40.828876414;84477.5
220982000;14.190918028;40.828876375;84468.0
220983000;14.190918058;40.828876312;84454.9
220984000;14.190918077;40.82887626;84449.5
220985000;14.190918094;40.828876194;84444.8
220986000;14.190917989;40.828876168;84434.8
220987000;14.190917952;40.828876228;84454.9
220988000;14.190917959;40.828876327;84493.0
220989000;14.190917983;40.82887643;84530.9
220990000;14.190918026;40.828876535;84567.6
220991000;14.190918064;40.828876618;84597.2
220992000;14.190918099;40.828876679;84629.4
220993000;14.190918138;40.828876734;84669.8
220994000;14.1909182;40.828876804;84709.3
220995000;14.190918296;40.828876862;84748.1
220996000;14.190918374;40.828876913;84780.1
220997000;14.190918414;40.82887697;84799.5
220998000;14.19091846;40.828877008;84816.0
220999000;14.190918479;40.828877001;84834.7
221000000;14.190918513;40.828877001;84855.4
221001000;14.190918565;40.828877015;84873.3
221002000;14.190918608;40.828877063;84880.8
221003000;14.190918633;40.828877132;84880.1
221004000;14.190918655;40.828877207;84876.5
221005000;14.190918698;40.828877255;84865.2
221006000;14.190918734;40.828877269;84856.2
221007000;14.190918771;40.828877263;84851.4
221008000;14.190918773;40.828877241;84844.4
221009000;14.190918752;40.828877216;84835.9
221010000;14.190918749;40.828877175;84829.3
221011000;14.190918788;40.828877121;84824.8
221012000;14.190918803;40.828877084;84814.4
221013000;14.190918815;40.828877053;84803.2
221014000;14.190918806;40.828877021;84788.0
221015000;14.190918814;40.828876981;84772.6
221016000;14.190918772;40.828876952;84737.2
221017000;14.190918791;40.828876975;84751.0
221018000;14.190918865;40.828877024;84790.6
221019000;14.190918939;40.828877084;84830.6
221020000;14.190918998;40.828877125;84868.5
221021000;14.190919064;40.828877154;84897.6
221022000;14.190919118;40.828877204;84924.9
221023000;14.190919178;40.828877233;84949.4
221024000;14.19091924;40.828877242;84975.6
221025000;14.190919342;40.828877284;85004.1
221026000;14.190919396;40.828877301;85019.3
221027000;14.190919445;40.82887729;85029.3
221028000;14.190919485;40.828877283;85032.5
221029000;14.190919513;40.828877281;85045.3
221030000;14.190919555;40.828877275;85049.8
221031000;14.19091961;40.828877255;85059.1
221032000;14.190919654;40.828877211;85064.6
221033000;14.190919693;40.828877153;85065.7
221034000;14.19091973;40.828877106;85064.5
221035000;14.190919693;40.828876956;85054.1
221036000;14.190919653;40.828876813;85042.2
221037000;14.190921638;40.828874477;85218.9
221038000;14.190921629;40.828874477;85218.0
221039000;14.190921661;40.828874427;85226.0
221040000;14.190921649;40.828874443;85230.6
221041000;14.190921663;40.828874471;85230.9
221042000;14.190921667;40.82887451;85230.0
221043000;14.190921687;40.828874524;85229.3
221044000;14.190921674;40.828874491;85233.9
221045000;14.190921691;40.828874461;85235.6
221046000;14.19092169;40.828874464;85239.4
221047000;14.190921578;40.828874563;85212.1
221048000;14.190921566;40.828874598;85204.3
221049000;14.190921575;40.828874607;85210.6
221050000;14.19092158;40.828874625;85207.1
221051000;14.190921588;40.828874599;85210.1
221052000;14.190921626;40.828874593;85211.5
221053000;14.190921629;40.828874598;85212.3
221054000;14.190921647;40.828874606;85221.1
221055000;14.190921653;40.828874613;85225.9
221056000;14.190921648;40.828874621;85226.2
221057000;14.190921645;40.828874614;85230.6
221058000;14.19092163;40.828874583;85233.0
221059000;14.190921634;40.828874581;85232.1
221060000;14.190921646;40.828874592;85231.6
221061000;14.190921643;40.828874596;85231.0
221062000;14.190921665;40.828874599;85224.3
221063000;14.190921661;40.828874594;85223.8
221064000;14.190921654;40.82887458;85220.3
221065000;14.190921653;40.828874586;85227.9
221066000;14.190921675;40.828874596;85232.1
221067000;14.19092171;40.828874594;85234.8
221068000;14.190921692;40.828874598;85230.6
221069000;14.190921707;40.8288746;85230.7
221070000;14.190921723;40.828874608;85227.4
221071000;14.190921748;40.828874624;85233.6
221072000;14.19092174;40.828874611;85239.8
221073000;14.190921766;40.828874585;85246.2
221074000;14.190921778;40.828874592;85254.4
221075000;14.190921791;40.828874582;85257.9
221076000;14.190921638;40.828874649;85213.9
221077000;14.190921568;40.828874682;85208.0
221078000;14.190921582;40.828874658;85209.0
221079000;14.190921595;40.82887466;85205.1
221080000;14.190921613;40.82887472;85205.6
221081000;14.190921628;40.828874709;85213.1
221082000;14.190921645;40.828874717;85215.6
221083000;14.190921643;40.828874709;85212.8
221084000;14.190921626;40.828874698;85209.9
221085000;14.190921635;40.828874685;85207.2
221086000;14.190921655;40.828874709;85210.9
221087000;14.190921649;40.828874716;85219.6
221088000;14.190921643;40.828874713;85222.9
221089000;14.190921642;40.828874723;85218.0
221090000;14.19092164;40.828874689;85215.9
221091000;14.190921664;40.828874666;85220.7
221092000;14.190921645;40.828874671;85226.7
221093000;14.190921659;40.8288747;85229.7
221094000;14.190921681;40.828874713;85229.1
221095000;14.190921618;40.828874706;85225.8
221096000;14.190921635;40.82887468;85223.9
221097000;14.190921641;40.828874693;85230.0
221098000;14.190921583;40.828874712;85234.6
221099000;14.190921587;40.828874731;85243.2
221100000;14.190921594;40.828874751;85258.0
221101000;14.190921602;40.828874771;85264.0
221101703;14.190921587;40.828874801;85264.2
221102500;14.19090264;40.828894946;72105.9
221103000;14.190912128;40.828884997;77270.8
221104000;14.190909734;40.828879599;77091.6
221105000;14.190907049;40.828878549;76710.0
221106000;14.190905777;40.828878687;83660.4
221107000;14.190900974;40.828875722;85284.4
221108000;14.190901541;40.828876724;86500.2
221109000;14.190901636;40.828877563;86078.4
221110000;14.190903023;40.82887693;85714.1
221111000;14.190903527;40.828876584;85525.0
221112000;14.190904046;40.828876176;85402.3
221113000;14.190904625;40.828875868;85299.9
221114000;14.190905225;40.828875536;85205.2
221115000;14.190905751;40.828875203;85096.4
221116000;14.190906201;40.82887492;84992.5
221117000;14.190906617;40.82887467;84894.0
221118000;14.190907014;40.828874497;84802.8
221119000;14.190907366;40.82887435;84720.2
221120000;14.190907665;40.828874256;84643.7
221121000;14.190907915;40.828874154;84572.4
221122000;14.190908158;40.828874067;84499.7
221123000;14.190908438;40.828873968;84440.8
221124000;14.190908707;40.828873859;84396.4
221125000;14.190908923;40.828873778;84355.0
221126000;14.190909126;40.828873649;84313.7
221127000;14.19090927;40.828873542;84280.1
221128000;14.190909431;40.828873447;84257.8
221129000;14.190909581;40.828873401;84242.3
221130000;14.190909709;40.828873372;84225.4
221131000;14.190909816;40.828873339;84213.9
221132000;14.190909902;40.828873321;84202.6
221133000;14.190909981;40.828873331;84197.6
221134000;14.190910084;40.828873332;84187.6
221135000;14.190910181;40.828873336;84178.5
221136000;14.190910244;40.828873326;84176.5
221137000;14.190910274;40.828873314;84175.1
221138000;14.190910317;40.82887363;84188.8
221139000;14.190910381;40.828874078;84224.8
221140000;14.190910423;40.828874762;84275.5
221141000;14.190910522;40.828875469;84330.9
221142000;14.190910608;40.828876085;84375.7
221143000;14.190910732;40.828876602;84418.4
221144000;14.19091085;40.828876999;84452.4
221145000;14.190910955;40.828877353;84491.4
221146000;14.190911068;40.828877605;84527.7
221147000;14.190911192;40.82887778;84551.1
221148000;14.190911311;40.828877913;84574.4
221149000;14.19091142;40.828878017;84598.6
221150000;14.190911554;40.828878097;84621.8
221151000;14.190911686;40.82887816;84645.0
221152000;14.190911808;40.828878187;84667.7
221153000;14.190911933;40.828878213;84689.4
221154000;14.190912055;40.828878179;84714.4
221155000;14.190912188;40.828878112;84724.3
221156000;14.190912276;40.828878021;84735.6
221157000;14.19091236;40.828877881;84743.9
221158000;14.190912441;40.828877744;84758.3
221159000;14.190912532;40.828877608;84770.6
221160000;14.190912577;40.828877441;84774.9
221161000;14.190912617;40.828877272;84769.2
221162000;14.190912632;40.828877113;84759.7
221163000;14.190912654;40.828876961;84749.1
221164000;14.190912731;40.828876818;84739.4
221165000;14.190912788;40.828876676;84726.8
221166000;14.190912792;40.828876587;84687.6
221167000;14.190912839;40.828876636;84718.1
221168000;14.19091292;40.828876768;84790.9
221169000;14.190913059;40.828876909;84881.2
221170000;14.190913226;40.828877071;84987.6
221171000;14.190913414;40.828877167;85098.4
221172000;14.190913616;40.828877231;85208.8
221173000;14.19091382;40.828877253;85294.9
221174000;14.190913989;40.828877211;85358.5
221175000;14.190914126;40.828877182;85417.8
221176000;14.190914265;40.828877153;85470.8
221177000;14.190914416;40.828877138;85516.5
221178000;14.190914564;40.828877154;85552.1
221179000;14.190914689;40.82887715;85582.3
221180000;14.190914805;40.828877146;85583.9
221181000;14.190914913;40.828877135;85568.7
221182000;14.190915017;40.828877082;85547.3
221183000;14.190915085;40.828877029;85519.4
221184000;14.190915144;40.828876962;85488.5
221185000;14.190915201;40.828876893;85462.4
221186000;14.190915253;40.828876802;85437.7
221187000;14.190915323;40.828876671;85412.3
221188000;14.190915359;40.828876489;85384.1
221189000;14.190915368;40.828876261;85328.4
221190000;14.190915367;40.828876088;85280.5
221191000;14.190915351;40.828875971;85230.6
221192000;14.190915341;40.82887588;85188.2
221193000;14.190915362;40.828875772;85157.0
221194000;14.190915366;40.828875619;85123.2
221195000;14.190915356;40.828875433;85086.3
221196000;14.190915264;40.828875344;85041.2
221197000;14.190915287;40.828875324;85053.7
221198000;14.190915369;40.828875352;85100.0
221199000;14.19091545;40.82887536;85146.2
221200000;14.190915517;40.828875381;85187.6
221201000;14.190915616;40.828875419;85229.9
221202000;14.190915704;40.828875457;85266.0
221203000;14.190915764;40.828875462;85290.5
221204000;14.190915837;40.828875489;85307.0
221205000;14.190915884;40.828875545;85321.1
221206000;14.190915934;40.8288756;85333.1
221207000;14.190915976;40.828875633;85342.4
221208000;14.190915995;40.828875642;85342.3
221209000;14.190916015;40.82887563;85338.7
221210000;14.190916053;40.828875563;85333.5
221211000;14.190916102;40.828875512;85327.2
221212000;14.190916134;40.828875457;85327.8
221213000;14.190916157;40.828875358;85325.6
221214000;14.190916196;40.828875246;85316.4
221215000;14.190916186;40.828875148;85293.7
221216000;14.19091618;40.828875086;85270.0
221217000;14.190916159;40.82887504;85248.1
221218000;14.190916163;40.828875015;85226.0
221219000;14.190916138;40.828874978;85204.1
221220000;14.190916154;40.828875022;85174.1
221221000;14.190916181;40.82887507;85139.3
221222000;14.190916196;40.828875145;85106.3
221223000;14.190916232;40.828875227;85082.0
221224000;14.190916271;40.828875344;85062.1
221225000;14.190916318;40.828875449;85043.2
221226000;14.190916379;40.82887548;85021.3
221227000;14.190916323;40.828875577;85021.4
221228000;14.190916323;40.82887566;85055.1
221229000;14.190916376;40.828875743;85095.3
221230000;14.190916447;40.828875827;85143.9
221231000;14.190916539;40.828875909;85190.4
221232000;14.190916605;40.828875978;85227.0
221233000;14.190916691;40.828876031;85261.8
221234000;14.190916752;40.828876069;85288.2
221235000;14.190916797;40.828876072;85301.1
221236000;14.190916845;40.828876072;85314.5
221237000;14.19091691;40.828876072;85326.2
221238000;14.190916995;40.828876064;85333.7
221239000;14.19091708;40.828876051;85335.4
221240000;14.190917127;40.828876009;85336.4
221241000;14.190917155;40.828875967;85331.3
221242000;14.190917192;40.828875921;85322.9
221243000;14.190917228;40.82887588;85317.2
221244000;14.190917262;40.828875813;85305.5
221245000;14.190917308;40.828875756;85293.5
221246000;14.190917342;40.828875709;85280.3
221247000;14.190917358;40.828875679;85271.6
221248000;14.19091738;40.828875645;85256.9
221249000;14.190917399;40.828875563;85241.5
221250000;14.190917401;40.828875513;85226.8
221251000;14.190917454;40.828875484;85211.1
221252000;14.190917482;40.828875439;85198.0
221253000;14.19091751;40.828875412;85184.9
221254000;14.190917525;40.828875376;85167.4
221255000;14.19091754;40.828875283;85148.0
221256000;14.190917576;40.828875228;85133.0
221257000;14.190917595;40.828875192;85119.2
221258000;14.190917593;40.828875261;85126.3
221259000;14.19091762;40.82887529;85145.0
221260000;14.190917654;40.828875305;85168.4
221261000;14.19091768;40.828875301;85185.6
221262000;14.190917715;40.828875277;85206.4
221263000;14.190917769;40.828875234;85227.5
221264000;14.190917795;40.828875202;85241.8
221265000;14.190917796;40.828875113;85257.4
221266000;14.190917786;40.828874994;85273.8
221267000;14.190917794;40.828874859;85288.1
221268000;14.1909178;40.828874704;85306.7
221269000;14.190917788;40.828874574;85308.8
221270000;14.190917797;40.828874477;85313.9
221271000;14.190917819;40.8288744;85321.1
221272000;14.190917841;40.828874331;85324.0
221273000;14.190917855;40.828874199;85326.5
221274000;14.190917876;40.828874082;85311.0
221275000;14.190917897;40.828874011;85302.3
221276000;14.190917943;40.828873924;85299.7
221277000;14.190917962;40.828873856;85302.2
221278000;14.190917989;40.828873779;85301.0
221279000;14.190917995;40.828873706;85297.6
221280000;14.190917984;40.828873666;85288.3
221281000;14.190917996;40.828873597;85281.9
221282000;14.190917987;40.828873494;85275.0
221283000;14.190917964;40.828873414;85269.4
221284000;14.190917956;40.82887334;85267.6
221285000;14.190917949;40.8288733;85264.0
221286000;14.190917946;40.828873241;85258.7
221287000;14.190917944;40.828873172;85249.3
221288000;14.19091786;40.828873266;85248.4
221289000;14.190917833;40.82887335;85261.7
221290000;14.190917854;40.828873453;85281.4
221291000;14.190917889;40.828873529;85299.4
221292000;14.190917917;40.828873578;85315.5
221293000;14.190917931;40.828873599;85327.0
221294000;14.190917926;40.828873582;85330.5
221295000;14.190917941;40.828873585;85334.0
221296000;14.190917943;40.828873622;85344.2
221297000;14.190917976;40.828873642;85354.0
221298000;14.190917977;40.828873653;85363.7
221299000;14.190917999;40.828873681;85374.1
221300000;14.190918017;40.828873711;85369.3
221301000;14.190918005;40.82887373;85364.2
221302000;14.190918014;40.828873779;85365.8
221303000;14.190918044;40.828873798;85369.8
221304000;14.190918057;40.828873798;85369.9
221305000;14.190918069;40.828873802;85353.6
221306000;14.190918076;40.828873821;85336.1
221306634;14.190918047;40.828873819;85329.2
221307000;14.190918047;40.828873819;85329.2
221307500;14.190870563;40.828882074;77481.4
221308000;14.19090224;40.828873739;85258.8
221309000;14.190912482;40.828856485;82945.1
221310000;14.190914015;40.828862802;80445.4
221311000;14.190918323;40.828865144;80157.6
221312000;14.190921599;40.828867537;79932.2
221313000;14.19092363;40.828867811;78862.6
221314000;14.190925022;40.828868492;78072.8
221315000;14.190925845;40.828869146;77542.2
221316000;14.190926583;40.82886971;77134.4
221317000;14.190922461;40.828883166;80156.2
221318000;14.190923373;40.828877856;82498.0
221319000;14.190923434;40.828877331;83510.9
221320000;14.19092292;40.828876337;83963.6
221321000;14.190922633;40.828875889;84156.7
221322000;14.190922477;40.828875536;84223.7
221323000;14.190922353;40.828875249;84259.5
221324000;14.190922176;40.82887504;84263.4
221325000;14.190921958;40.828874779;84247.9
221326000;14.190921751;40.828874509;84226.7
221327000;14.190921512;40.828874277;84198.5
221328000;14.190921243;40.828874016;84144.5
221329000;14.190920987;40.828873761;84094.7
221330000;14.190920703;40.8288736;84045.3
221331000;14.190920431;40.828873297;83971.5
221332000;14.190920194;40.828873071;83892.4
221333000;14.190919954;40.82887283;83812.0
221334000;14.190919776;40.828872544;83726.7
221335000;14.190919685;40.828872238;83641.7
221336000;14.190919578;40.828871916;83557.7
221337000;14.190919448;40.828871544;83444.5
221338000;14.190919356;40.828871152;83330.8
221339000;14.19091925;40.828870726;83211.1
221340000;14.190919119;40.82887021;83065.7
221341000;14.190918991;40.828869721;82912.9
221342000;14.190918912;40.828869275;82772.4
221343000;14.190918846;40.828868851;82645.5
221344000;14.190918773;40.828868438;82517.1
221345000;14.190918746;40.828868024;82395.7
221346000;14.190918683;40.828867709;82275.4
221347000;14.190918659;40.828867784;82207.0
221348000;14.19091866;40.828868122;82194.4
221349000;14.190918695;40.828868568;82202.0
221350000;14.190918729;40.828869148;82228.5
221351000;14.190918792;40.82886976;82245.4
221352000;14.190918866;40.828870354;82263.7
221353000;14.190918948;40.828870927;82286.4
221354000;14.190919048;40.828871421;82317.8
221355000;14.190919087;40.828871934;82352.5
221356000;14.190919127;40.828872398;82386.9
221357000;14.190919184;40.828872775;82418.9
221358000;14.190919227;40.828873102;82439.8
221359000;14.190919318;40.828873391;82461.1
221360000;14.190919403;40.828873511;82486.4
221361000;14.190919472;40.828873485;82516.5
221362000;14.190919506;40.828873381;82538.7
221363000;14.190919534;40.828873235;82559.1
221364000;14.19091957;40.82887312;82572.4
221365000;14.190919598;40.828873068;82589.3
221366000;14.190919653;40.828873034;82606.8
221367000;14.190919712;40.828872969;82616.9
221368000;14.190919748;40.82887285;82626.8
221369000;14.190919784;40.828872697;82635.6
221370000;14.190919769;40.82887254;82632.8
221371000;14.190919752;40.828872404;82625.1
221372000;14.190919763;40.828872283;82611.8
221373000;14.190919813;40.82887212;82592.9
221374000;14.190919864;40.82887192;82566.3
221375000;14.190919867;40.828871697;82531.1
221376000;14.190919889;40.828871493;82484.4
221377000;14.190919874;40.828871584;82527.1
221378000;14.190919876;40.828871766;82613.0
221379000;14.190919942;40.828871976;82712.2
221380000;14.190920021;40.828872153;82802.8
221381000;14.190920066;40.828872315;82880.0
221382000;14.190920102;40.828872452;82942.7
221383000;14.190920167;40.828872535;83002.4
221384000;14.190920241;40.82887262;83058.7
221385000;14.190920291;40.828872695;83112.7
221386000;14.190920361;40.828872826;83181.7
221387000;14.190920412;40.828872918;83249.0
221388000;14.190920452;40.828872985;83311.1
221389000;14.190920541;40.828872994;83369.8
221390000;14.190920605;40.828872962;83420.4
221391000;14.190920633;40.828872956;83457.9
221392000;14.190920644;40.828872983;83492.8
221393000;14.190920656;40.82887302;83522.8
221394000;14.190920664;40.828873044;83548.1
221395000;14.190920677;40.828873091;83573.5
221396000;14.190920681;40.828873158;83597.8
221397000;14.190920674;40.828873217;83619.1
221398000;14.190920647;40.82887329;83637.4
221399000;14.1909206;40.828873337;83659.9
221400000;14.190920606;40.828873339;83688.6
221401000;14.190920609;40.828873342;83722.9
221402000;14.190920619;40.828873362;83748.2
221403000;14.190920621;40.828873359;83770.4
221404000;14.190920609;40.828873367;83788.4
221405000;14.190920578;40.828873387;83807.0
221406000;14.190920577;40.828873384;83827.6
221407000;14.190920608;40.828873379;83846.1
221408000;14.190920596;40.828873545;83894.6
221409000;14.190920598;40.828873677;83953.9
221410000;14.190920605;40.828873824;84004.3
221411000;14.190920619;40.828873953;84044.0
221412000;14.190920618;40.828874082;84074.5
221413000;14.190920619;40.828874215;84102.9
221414000;14.190920613;40.8288743;84127.7
221415000;14.190920626;40.828874399;84176.7
221416000;14.190920653;40.828874484;84240.0
221417000;14.19092068;40.828874523;84297.6
221418000;14.190920719;40.828874563;84344.6
221419000;14.190920751;40.828874542;84378.0
221420000;14.190920772;40.828874508;84406.6
221421000;14.190920768;40.828874429;84433.3
221422000;14.190920751;40.828874349;84447.1
221423000;14.190920754;40.828874245;84457.7
221424000;14.190920759;40.828874139;84461.8
221425000;14.190920779;40.828874052;84463.6
221426000;14.190920785;40.828874001;84462.2
221427000;14.190920762;40.828873947;84458.0
221428000;14.190920782;40.82887391;84456.9
221429000;14.190920749;40.828873835;84440.8
221430000;14.190920732;40.828873789;84438.1
221431000;14.190920737;40.828873738;84432.5
221432000;14.190920712;40.828873676;84422.5
221433000;14.190920693;40.828873625;84415.4
221434000;14.190920691;40.828873562;84408.5
221435000;14.190920703;40.828873497;84407.2
221436000;14.190920716;40.828873421;84400.5
221437000;14.190920724;40.828873369;84388.2
221438000;14.190920662;40.828873666;84459.2
221439000;14.190920667;40.828873965;84554.9
